Date,area_id,num_transactions,age_0_17,age_18_34,age_35_44,age_45_54,age_55_64,age_65+,avg_age,area_sq_km,people_per_sq_km,f_beer,f_dairy,f_eggs,f_fats_oils,f_fish,f_fruit_veg,f_grains,f_meat_red,f_poultry,f_readymade,f_sauces,f_soft_drinks,f_spirits,f_sweets,f_tea_coffee,f_water,f_wine,Student,Full-Time Employed,Part-Time Employed,Self Employed,Unemployed,Retired,Total Revenue,avg_revenue_per_transaction,Total Revenue with Noise,Profit,Subcribers
01/07/2024,D1,396.803,60108,93019,31288,9094,2434,19640,33.01732143,36.09,5627.625381,1.5,9.61,1.07,2.86,2.02,25.28,15.08,5.53,2.11,6.21,1.22,4.08,0.33,16.99,0.71,4.58,0.82,78712,82772,16228,15901,2330,19640,13567.488176,34.192,850892.9357163601,3368.7533092124995,55737.5
01/07/2024,D2,245.703,56573,111462,37044,10704,2936,40122,38.88074855,60.58,4001.105976,1.53,9.33,0.87,2.21,1.72,25.93,17.14,4.91,2.04,8.01,1.02,3.61,0.29,16.17,0.57,3.46,1.2,78865,98774,19343,18965,2772,40122,8666.190513,35.271,969536.3725063129,2167.9972759499997,63907.299999999996
01/07/2024,D3,677.828,46340,129156,42856,12474,3396,28265,35.93427577,21.87,11149.38272,2.06,11.5,1.12,2.55,2.3,33.92,12.48,4.41,1.86,5.13,1.14,2.41,0.23,13.32,0.42,2.81,2.32,72171,114454,22412,21973,3212,28265,25644.775094999997,37.833749999999995,1072103.9367865499,6374.4216047499995,69752.525
01/07/2024,D4,1286.386,80790,168882,56362,16404,4483,40399,36.14345963,55.55,6197.749775,1.88,11.29,1.22,2.79,2.31,31.43,14.0,5.13,2.0,5.3,1.27,2.59,0.28,13.69,0.51,2.7,1.63,114566,149956,29379,28805,4215,40399,47165.985883,36.6655,1478382.7801677254,11668.662687574999,95485.27500000001
01/07/2024,D5,4249.177,82611,153500,51129,14789,4094,42080,36.19075069,80.84,4066.526472,1.4,10.48,1.18,3.12,2.29,27.37,14.48,6.14,2.56,5.2,1.51,3.2,0.28,15.39,0.53,3.5,1.36,113311,136164,26670,26154,3824,42080,147811.87112199995,34.785999999999994,1475676.8898134916,36359.7826713,88691.9
01/07/2024,D6,1688.9,65552,135896,45154,13289,3589,28678,34.85864094,47.39,5793.247521,2.02,10.22,1.2,2.86,2.06,27.35,14.66,6.06,2.32,6.04,1.32,3.43,0.33,14.52,0.47,3.75,1.4,92731,120586,23618,23156,3389,28678,59781.148850000005,35.3965,1212576.925104523,14851.7221525,76804.59999999999
01/07/2024,D6W,1892.415,60809,141668,47725,13792,3771,19361,32.97352825,19.08,14078.93082,1.68,10.46,1.21,3.23,2.54,28.88,14.21,5.44,2.11,4.86,1.37,3.36,0.33,14.35,0.55,4.05,1.4,89143,126109,24726,24237,3551,19361,66900.65508000003,35.35200000000001,1240794.623314684,16524.5441248125,78504.625
01/07/2024,D7,1668.889,34165,98861,32811,9543,2601,18435,35.6878139,16.4,11108.71951,1.79,10.74,1.31,2.97,2.84,33.32,12.71,5.52,2.14,4.9,1.3,2.43,0.25,12.65,0.45,2.66,2.02,53937,87610,17156,16820,2459,18435,62406.852488249984,37.39424999999999,856075.1901954345,15433.906333112502,53051.72499999999
01/07/2024,D8,2312.382,59920,139152,46407,13346,3668,25212,34.98277732,29.6,9062.533784,1.66,10.45,1.31,3.18,2.62,29.56,13.85,5.74,2.14,4.76,1.43,3.09,0.31,13.98,0.55,3.61,1.65,87750,123407,24173,23698,3464,25212,82343.92302000002,35.61000000000001,1238105.5260830675,20325.115160624995,77068.4
01/07/2024,D9,223.62,62081,131911,44161,12835,3446,30326,35.74139678,55.95,4761.608579,1.98,10.41,0.89,2.29,1.97,29.77,15.03,4.28,1.83,6.89,1.08,2.97,0.31,15.43,0.47,2.86,1.55,88463,117199,22968,22508,3295,30326,8187.734490000002,36.61450000000001,1123381.5320429779,2050.4109135000003,74380.34999999999
01/07/2024,D10,1153.544,39847,126099,42215,12244,3334,19982,34.48417411,14.9,15268.92617,2.26,10.33,1.18,2.65,2.39,30.98,13.5,5.3,2.19,5.67,1.36,2.96,0.27,13.5,0.43,2.94,2.09,65067,112042,21956,21523,3151,19982,42666.420313999995,36.987249999999996,1044850.6224021199,10635.055650100001,66983.40000000001
01/07/2024,D11,75.151,37832,84714,28019,8067,2199,22936,37.07246123,37.26,4605.716586,3.03,9.82,0.8,1.91,1.8,27.73,16.06,3.78,1.81,8.22,0.88,3.78,0.23,15.52,0.49,2.72,1.41,54775,74918,14665,14375,2098,22936,2756.8392839999997,36.684,710043.6565740389,698.32939485,47270.850000000006
01/07/2024,D12,2803.3,61894,177265,59096,17219,4687,25293,34.32011997,26.82,11958.83669,1.84,10.36,1.23,3.08,2.69,30.2,13.76,5.67,2.3,4.78,1.45,3.11,0.34,13.35,0.49,3.65,1.71,97347,157348,30824,30220,4422,25293,101089.100475,36.06075,1525004.5116235544,24992.085283750006,95188.625
01/07/2024,D13,2533.567,67365,150701,50601,14549,3998,27548,34.88531148,35.17,8387.802104,1.83,9.96,1.09,3.0,2.43,28.19,14.12,5.91,2.19,5.36,1.47,3.52,0.36,14.7,0.53,3.85,1.5,97505,133951,26254,25737,3767,27548,89718.674604,35.412,1350777.1181084125,22276.51452585,84119.20000000001
01/07/2024,D14,550.438,46177,101815,34115,9843,2672,24927,36.59316389,37.64,5471.971307,2.5,10.39,1.01,2.34,1.93,30.08,14.47,4.58,1.93,6.26,1.17,3.26,0.28,14.48,0.43,2.83,2.05,66540,90444,17725,17371,2542,24927,20291.4840415,36.86425,875257.9100177805,5087.705314474998,57093.325
01/07/2024,D15,2541.339,84792,172771,58036,16926,4578,23417,32.03827166,36.21,9286.219276,1.5,11.6,1.33,3.5,1.95,26.35,14.59,4.62,1.76,4.77,1.19,3.77,0.28,16.84,0.47,4.67,0.82,119346,153746,30140,29542,4329,23417,86014.79512874999,33.84625,1553355.0225927236,21196.990931624998,97833.975
01/07/2024,D16,1151.386,74833,140433,47315,13773,3721,36281,35.73675183,56.38,5284.285208,1.7,10.43,1.11,3.08,2.23,27.77,14.22,5.22,2.03,5.65,1.42,3.14,0.25,16.24,0.57,3.61,1.32,102920,125071,24525,24036,3524,36281,40426.313846,35.111,1257993.630568256,10025.074725024999,81187.72499999999
01/07/2024,D17,3392.502,62773,167399,55534,16223,4393,24532,34.20065557,28.86,10687.24879,1.84,10.35,1.26,2.86,2.59,30.42,13.3,6.09,2.31,5.51,1.45,2.87,0.31,13.71,0.51,3.13,1.48,96253,148368,29053,28483,4165,24532,123470.11029000003,36.39500000000001,1484271.7584487877,30585.101781000005,90657.4
01/07/2024,D18,115.192,46575,93867,31082,9084,2445,30128,38.44916196,43.8,4563.242009,2.09,9.14,0.66,1.64,1.37,25.44,17.41,3.88,1.59,8.91,0.91,3.77,0.27,18.06,0.47,3.04,1.35,65348,83138,16278,15956,2332,30128,4083.038036,35.4455,805577.5661181826,1035.5559214,53489.6
01/07/2024,D20,2231.979,65271,159537,52850,15476,4227,17677,31.5147263,19.75,14877.36709,1.79,10.48,1.19,2.89,2.42,29.43,13.5,4.79,1.92,5.18,1.37,3.21,0.23,16.22,0.43,3.63,1.32,97178,141384,27682,27147,3969,17677,79162.15718774998,35.46724999999999,1389453.7964539982,19656.257860349997,87339.675
01/07/2024,D22,3913.342,65442,134704,44886,12976,3545,27873,34.9906233,38.86,6965.285641,1.57,10.48,1.25,3.27,2.39,28.14,14.14,5.89,2.21,5.06,1.47,3.13,0.29,15.24,0.43,3.6,1.43,92383,119472,23402,22942,3354,27873,137034.47514949998,35.01725,1278190.9474674002,33841.945697925,76183.625
01/07/2024,D24,993.046,60740,172794,57206,16731,4591,29397,34.81199586,34.25,9327.79562,2.42,10.78,1.21,2.56,2.3,30.49,13.9,4.91,2.03,5.64,1.2,2.99,0.28,13.79,0.42,2.92,2.15,95299,153097,29973,29396,4297,29397,36471.848703500014,36.72725000000001,1426924.8318836936,9099.243258775,92845.175
01/08/2024,D1,371.558,59884,93413,31032,9060,2456,19640,33.01732143,36.09,5627.625381,1.26,9.93,1.2,3.02,2.17,24.66,15.57,5.07,2.16,6.31,1.3,3.98,0.31,17.68,0.5,4.09,0.81,78567,82828,16221,15903,2326,19640,12562.283090499997,33.809749999999994,850918.8823568843,3118.0775802,55726.95
01/08/2024,D2,212.969,56217,110502,36898,10773,2936,40122,38.88074855,60.58,4001.105976,1.49,9.81,0.91,2.43,1.78,24.54,16.91,4.79,2.34,8.17,1.18,3.63,0.28,16.57,0.55,3.43,1.17,78317,98159,19232,18856,2760,40122,7431.712981749998,34.89574999999999,959462.2786221781,1856.7010115749997,63510.50000000001
01/08/2024,D3,623.919,46639,128452,42506,12484,3379,28265,35.93427577,21.87,11149.38272,1.96,11.94,1.15,2.65,2.29,32.35,13.12,4.33,1.86,5.38,1.17,2.57,0.22,13.77,0.41,2.49,2.33,72329,113807,22282,21847,3194,28265,23258.452481999997,37.278,1067721.7454475074,5778.2386428,69473.875
01/08/2024,D4,1182.336,81309,169775,56237,16416,4444,40399,36.14345963,55.55,6197.749775,1.86,11.63,1.24,2.93,2.29,30.56,14.24,5.02,2.0,5.37,1.36,2.53,0.29,13.97,0.57,2.51,1.62,115264,150386,29445,28867,4219,40399,43020.47769600001,36.38600000000001,1479668.915133164,10635.0679824,95816.875
01/08/2024,D5,3864.845,83393,153325,50792,14786,4085,42080,36.19075069,80.84,4066.526472,1.3,10.64,1.23,3.29,2.28,26.41,14.78,6.2,2.59,5.38,1.59,3.19,0.29,15.74,0.56,3.2,1.34,114058,135834,26594,26083,3812,42080,133358.4091475,34.505500000000005,1460713.32817817,32786.253103999996,88677.8
01/08/2024,D6,1559.678,65720,136592,44922,13182,3578,28678,34.85864094,47.39,5793.247521,1.93,10.48,1.26,3.02,2.05,26.47,15.01,5.96,2.38,6.17,1.39,3.49,0.35,14.64,0.53,3.47,1.4,93038,120767,23631,23173,3384,28678,54878.83010800002,35.18600000000001,1209303.8504001866,13621.584284825,76939.15
01/08/2024,D6W,1757.324,61449,142725,47738,13669,3723,19361,32.97352825,19.08,14078.93082,1.58,10.61,1.27,3.29,2.5,27.89,14.72,5.14,2.19,4.94,1.42,3.5,0.34,14.75,0.58,3.89,1.4,89994,126629,24811,24315,3555,19361,61518.641268,35.007,1245282.9754000078,15183.367226199998,78909.47499999999
01/08/2024,D7,1545.723,34183,97544,32518,9491,2554,18435,35.6878139,16.4,11108.71951,1.76,11.03,1.36,3.04,2.8,32.25,12.86,5.46,2.16,5.11,1.38,2.49,0.25,12.85,0.48,2.68,2.05,53692,86579,16962,16625,2433,18435,57349.80117674999,37.10225,846308.1636451691,14182.7234218875,52514.075000000004
01/08/2024,D8,2138.928,60085,138882,45726,13379,3661,25212,34.98277732,29.6,9062.533784,1.48,10.69,1.34,3.39,2.55,28.88,14.32,5.74,2.32,4.96,1.46,3.1,0.31,13.99,0.56,3.3,1.6,87861,122823,24035,23572,3442,25212,75951.729084,35.50925,1227589.3279741989,18702.412119599998,76800.20000000001
01/08/2024,D9,202.927,62256,131164,43819,12833,3472,30326,35.74139678,55.95,4761.608579,1.83,10.74,0.92,2.49,2.02,28.39,15.19,4.33,1.75,6.84,1.22,3.39,0.28,16.07,0.49,2.65,1.41,88489,116550,22838,22389,3278,30326,7299.6393122499985,35.97174999999999,1119023.9855124385,1826.3582195249996,74077.45
01/08/2024,D10,1083.762,40115,125857,42434,12235,3351,19982,34.48417411,14.9,15268.92617,2.17,10.61,1.21,2.74,2.34,29.9,13.66,5.26,2.21,5.94,1.41,3.1,0.3,13.84,0.47,2.79,2.06,65286,112046,21970,21535,3155,19982,39811.455189,36.734500000000004,1044487.5254741514,9928.6688106,67037.1
01/08/2024,D11,68.508,37341,84967,27859,8084,2203,22936,37.07246123,37.26,4605.716586,2.27,10.07,0.91,2.02,1.89,27.28,16.13,3.72,1.88,8.3,1.15,3.36,0.29,16.04,0.56,2.69,1.44,54334,74977,14666,14380,2097,22936,2491.053642,36.3615,710571.1021500882,628.4050442999999,47205.5
01/08/2024,D12,2641.433,61937,177630,58890,16958,4611,25293,34.32011997,26.82,11958.83669,1.75,10.46,1.29,3.23,2.7,29.04,13.92,5.52,2.4,4.93,1.54,3.33,0.36,13.59,0.55,3.68,1.72,97463,157209,30779,30169,4406,25293,94482.73769349998,35.769499999999994,1519396.751372331,23356.343015899998,95130.725
01/08/2024,D13,2356.739,67481,152091,50032,14745,3950,27548,34.88531148,35.17,8387.802104,1.75,10.15,1.16,3.15,2.41,27.37,14.34,5.79,2.31,5.49,1.56,3.62,0.38,14.83,0.59,3.67,1.46,97899,134504,26321,25805,3770,27548,83083.88752125,35.25375,1352370.7620275316,20611.3028130625,84435.65
01/08/2024,D14,497.686,46064,101628,33673,9902,2679,24927,36.59316389,37.64,5471.971307,2.19,10.69,1.16,2.46,1.91,28.67,14.49,4.46,2.05,6.39,1.24,3.62,0.31,15.06,0.49,2.77,2.05,66390,90090,17640,17297,2530,24927,18118.507673,36.4055,872058.8375858556,4537.844958324999,56887.975000000006
01/08/2024,D15,2401.451,84118,172661,57731,16641,4570,23417,32.03827166,36.21,9286.219276,1.39,11.7,1.44,3.46,1.95,24.68,15.77,4.26,1.75,4.72,1.19,4.22,0.3,17.55,0.52,4.29,0.82,118650,153287,30034,29444,4307,23417,79446.0027075,33.082499999999996,1541180.9855300372,19558.767760187497,97467.32500000001
01/08/2024,D16,1049.163,74897,141721,46987,13537,3704,36281,35.73675183,56.38,5284.285208,1.72,10.79,1.23,3.16,2.25,27.05,14.69,5.0,2.01,5.76,1.47,3.26,0.25,16.41,0.49,3.15,1.32,103241,125449,24561,24078,3516,36281,36594.01856775,34.87925,1257095.922933665,9080.97788835,81409.62499999999
01/08/2024,D17,3165.124,62878,166932,55867,16264,4400,24532,34.20065557,28.86,10687.24879,1.79,10.52,1.31,2.97,2.54,29.24,13.89,6.05,2.38,5.61,1.54,2.9,0.32,13.94,0.53,2.99,1.5,96264,148340,29070,28494,4172,24532,113929.42966099999,35.99525,1476184.5805252125,28194.05418289999,90658.80000000002
01/08/2024,D18,98.022,46172,93236,31301,8982,2484,30128,38.44916196,43.8,4563.242009,1.97,9.69,0.76,1.73,1.41,24.4,17.48,3.58,1.66,9.21,0.99,4.09,0.29,18.01,0.44,2.95,1.33,64819,82863,16240,15922,2330,30128,3456.059676,35.257999999999996,801862.9390608984,877.0469439000001,53264.35
01/08/2024,D20,2117.176,64216,159976,53790,15592,4200,17677,31.5147263,19.75,14877.36709,1.6,10.74,1.24,2.89,2.39,27.72,14.5,4.61,1.88,5.37,1.35,3.39,0.23,17.1,0.48,3.23,1.29,96211,142316,27901,27341,4005,17677,73514.70224800002,34.723000000000006,1388435.0532377665,18231.558294699997,87606.62500000001
01/08/2024,D22,3630.893,64817,134045,44830,13084,3545,27873,34.9906233,38.86,6965.285641,1.51,10.7,1.36,3.42,2.41,27.23,14.55,5.89,2.26,5.15,1.52,3.11,0.29,15.37,0.48,3.3,1.45,91626,119119,23343,22882,3351,27873,126087.29804125003,34.72625000000001,1260807.5111231229,31090.202104937496,75869.775
01/08/2024,D24,935.759,60590,174304,57538,16648,4592,29397,34.81199586,34.25,9327.79562,2.39,10.84,1.28,2.76,2.32,29.34,14.03,4.8,2.14,5.84,1.28,3.14,0.31,14.02,0.45,2.92,2.13,95451,154148,30168,29586,4319,29397,34132.2774045,36.4755,1432946.6855288178,8521.091635925,93369.275
01/09/2024,D1,366.688,59755,93200,31237,8954,2450,19640,33.01732143,36.09,5627.625381,1.02,9.9,1.13,2.94,2.09,24.92,15.73,5.01,2.06,6.43,1.46,3.41,0.27,18.24,0.66,3.96,0.79,78395,82761,16218,15896,2325,19640,12394.054399999999,33.8,846167.1510324762,3068.1930859999993,55665.5
01/09/2024,D2,226.264,56577,111054,36697,10823,2922,40122,38.88074855,60.58,4001.105976,1.34,9.51,0.83,2.41,1.64,25.26,17.49,4.53,1.97,8.14,1.32,3.02,0.22,17.44,0.66,3.01,1.21,78788,98380,19260,18885,2761,40122,7903.854048000001,34.932,965239.0264412918,1974.0374397000003,63700.700000000004
01/09/2024,D3,665.038,46078,128406,42636,12380,3400,28265,35.93427577,21.87,11149.38272,1.58,11.98,1.21,2.8,2.39,32.51,13.24,4.28,1.8,5.34,1.36,2.02,0.23,13.96,0.57,2.46,2.27,71759,113808,22286,21853,3194,28265,24734.259555499993,37.19224999999999,1064715.0706034645,6121.317332075,69363.625
01/09/2024,D4,1278.854,81720,168505,55662,16279,4478,40399,36.14345963,55.55,6197.749775,1.43,11.83,1.22,2.95,2.3,30.58,14.43,5.03,1.97,5.5,1.49,2.08,0.25,14.28,0.63,2.47,1.55,115421,149192,29203,28643,4185,40399,46313.3778965,36.21475,1474502.5118431863,11401.574879974998,95278.575
01/09/2024,D5,4012.989,82865,154162,50787,15001,4026,42080,36.19075069,80.84,4066.526472,1.06,10.75,1.18,3.34,2.22,26.77,14.84,6.1,2.52,5.49,1.86,2.6,0.25,15.92,0.61,3.11,1.34,113697,136433,26703,26181,3826,42080,138754.11091125003,34.57625000000001,1474719.7102849907,34038.17269799999,88882.40000000001
01/09/2024,D6,1592.342,66250,135453,45761,13301,3616,28678,34.85864094,47.39,5793.247521,1.62,10.5,1.25,3.05,2.09,27.16,15.31,5.77,2.24,6.21,1.61,2.8,0.32,14.79,0.6,3.29,1.39,93341,120743,23681,23212,3404,28678,56181.80661500002,35.28250000000001,1211679.6474018104,13906.221250125,77020.45
01/09/2024,D6W,1829.27,61438,143960,47750,13925,3750,19361,32.97352825,19.08,14078.93082,1.27,10.76,1.24,3.43,2.48,28.45,14.65,5.02,2.05,4.95,1.67,3.21,0.29,14.89,0.64,3.69,1.31,90230,127554,24977,24483,3579,19361,64265.91364,35.132,1258699.7603624708,15824.648915999996,79390.32499999998
01/09/2024,D7,1686.097,34464,98681,32737,9529,2566,18435,35.6878139,16.4,11108.71951,1.41,11.19,1.39,3.07,2.79,32.27,13.08,5.41,2.11,5.04,1.63,1.95,0.23,13.31,0.6,2.6,1.92,54200,87425,17119,16780,2453,18435,62154.593711,36.863,854821.9410770875,15303.880496712502,53014.025
01/09/2024,D8,2245.431,60264,139196,45985,13361,3640,25212,34.98277732,29.6,9062.533784,1.23,10.75,1.36,3.48,2.57,29.12,14.47,5.68,2.22,4.92,1.68,2.5,0.26,14.27,0.65,3.23,1.6,88103,123152,24105,23634,3452,25212,79521.938865,35.415,1232952.4834700336,19514.198784375,77006.55000000002
01/09/2024,D9,221.674,62239,132584,43513,12629,3496,30326,35.74139678,55.95,4761.608579,1.37,10.72,0.96,2.44,2.04,28.68,15.54,4.46,1.73,6.93,1.4,2.5,0.26,16.21,0.64,2.65,1.47,88756,117067,22900,22462,3276,30326,7951.778890999998,35.87149999999999,1121200.1246555212,1978.8782561499997,74356.4
01/09/2024,D10,1125.339,39988,127363,41916,12339,3337,19982,34.48417411,14.9,15268.92617,1.89,10.72,1.24,2.77,2.28,29.81,13.92,5.23,2.11,5.82,1.65,2.63,0.26,14.44,0.57,2.69,1.96,65461,112659,22047,21619,3158,19982,40980.90769349999,36.41649999999999,1050746.1862022732,10182.250139587495,67339.65
01/09/2024,D11,70.012,37856,84790,27878,8156,2208,22936,37.07246123,37.26,4605.716586,1.7,9.69,0.87,2.01,1.9,26.21,16.56,3.71,1.91,8.91,1.26,2.74,0.27,17.63,0.74,2.54,1.34,54814,74936,14662,14377,2099,22936,2511.8905360000003,35.87800000000001,711966.7018439226,632.3580106500002,47285.05
01/09/2024,D12,2698.046,62831,175717,58804,17054,4657,25293,34.32011997,26.82,11958.83669,1.44,10.58,1.25,3.22,2.72,29.42,14.14,5.51,2.34,4.97,1.79,2.78,0.32,13.73,0.63,3.48,1.69,97974,156116,30592,29991,4390,25293,96501.6857935,35.767250000000004,1518754.1709946513,23772.382129275,94731.62499999999
01/09/2024,D13,2392.787,67958,150859,50667,14788,3968,27548,34.88531148,35.17,8387.802104,1.39,10.25,1.15,3.13,2.36,27.73,14.55,5.75,2.19,5.6,1.82,3.0,0.33,15.19,0.64,3.46,1.47,98130,134229,26314,25788,3779,27548,84276.94912374999,35.22125,1351364.202371191,20846.259442374994,84377.49999999999
01/09/2024,D14,525.904,45912,101295,34087,9802,2664,24927,36.59316389,37.64,5471.971307,1.76,10.99,1.18,2.52,1.97,29.0,14.61,4.52,2.01,6.48,1.43,2.56,0.27,15.47,0.61,2.62,1.99,66171,90086,17661,17307,2534,24927,19074.801032000007,36.27050000000001,877223.0309270403,4749.8071568000005,56852.225000000006
01/09/2024,D15,2438.626,84370,173535,57441,16772,4528,23417,32.03827166,36.21,9286.219276,1.2,11.77,1.41,3.56,2.01,25.69,15.54,4.17,1.68,4.86,1.34,3.17,0.26,17.91,0.55,4.08,0.8,119077,153676,30087,29495,4311,23417,81350.12473400001,33.359,1546388.7759530446,19982.65013485001,97722.725
01/09/2024,D16,1063.794,76079,141339,47376,13517,3685,36281,35.73675183,56.38,5284.285208,1.27,10.63,1.15,3.21,2.27,27.08,14.93,4.99,1.97,5.94,1.68,2.53,0.24,17.16,0.55,3.09,1.3,104347,125452,24584,24091,3523,36281,36922.694049,34.708499999999994,1260810.9609322308,9137.8840806,81643.17499999999
01/09/2024,D17,3275.093,62501,167180,55979,16189,4375,24532,34.20065557,28.86,10687.24879,1.51,10.5,1.27,2.96,2.53,29.52,14.03,5.93,2.28,5.72,1.82,2.46,0.3,14.29,0.58,2.81,1.49,95937,148494,29100,28519,4174,24532,117964.75599374999,36.01875,1477702.5430398057,29159.176445562498,90664.9
01/09/2024,D18,104.768,45742,94052,31194,8979,2446,30128,38.44916196,43.8,4563.242009,1.51,9.34,0.74,1.79,1.33,23.94,17.71,3.63,1.67,9.34,1.13,3.67,0.23,19.32,0.62,2.8,1.23,64552,83250,16300,15977,2333,30128,3654.098304,34.878,807388.548526144,923.9175616000001,53383.549999999996
01/09/2024,D20,2245.236,65109,159791,53402,15374,4225,17677,31.5147263,19.75,14877.36709,1.36,10.63,1.26,3.02,2.47,28.06,14.43,4.58,1.84,5.46,1.61,2.68,0.21,17.34,0.54,3.24,1.28,97067,141824,27786,27240,3984,17677,78069.100956,34.771,1389742.3581943726,19322.136165149997,87535.42499999999
01/09/2024,D22,3751.577,65127,134572,44743,12930,3521,27873,34.9906233,38.86,6965.285641,1.22,10.79,1.32,3.49,2.38,27.19,14.75,5.78,2.17,5.31,1.83,2.51,0.27,15.81,0.58,3.21,1.39,92041,119256,23355,22894,3346,27873,129947.12412600002,34.638000000000005,1267185.035242854,31968.406879525,76008.27500000001
01/09/2024,D24,978.148,61453,174200,57451,16839,4552,29397,34.81199586,34.25,9327.79562,1.88,10.94,1.3,2.78,2.41,29.65,14.24,4.77,2.04,5.82,1.5,2.53,0.27,14.45,0.6,2.73,2.1,96293,154134,30168,29579,4321,29397,35532.937859000005,36.326750000000004,1438824.5970992723,8826.391839099999,93530.07500000001
01/10/2024,D1,392.608,59847,93160,30964,9073,2475,19640,33.01732143,36.09,5627.625381,1.02,9.5,1.18,3.29,2.15,24.68,15.65,5.06,2.06,6.41,1.55,3.63,0.49,18.34,0.58,3.57,0.86,78479,82655,16188,15874,2322,19640,13355.54264,34.0175,847738.4084301507,3328.2607059999996,55628.74999999999
01/10/2024,D2,228.501,56359,111538,37057,10737,2914,40122,38.88074855,60.58,4001.105976,1.3,9.38,0.89,2.63,1.74,24.92,16.94,4.6,1.92,8.47,1.36,3.13,0.34,17.7,0.61,2.75,1.32,78667,98837,19355,18973,2773,40122,8032.609903500001,35.1535,967113.618849996,2017.783793025,63896.00000000001
01/10/2024,D3,691.556,45966,127751,42274,12526,3387,28265,35.93427577,21.87,11149.38272,1.51,11.68,1.38,2.79,2.46,31.76,12.92,4.18,1.8,5.72,1.3,2.21,0.29,14.62,0.53,2.4,2.45,71516,113276,22179,21750,3182,28265,25674.708055999996,37.12599999999999,1060498.3261974268,6383.55461365,69060.27500000001
01/10/2024,D4,1291.307,80671,169539,55704,16280,4409,40399,36.14345963,55.55,6197.749775,1.43,11.42,1.35,2.99,2.22,29.78,14.18,4.9,1.97,5.86,1.45,2.34,0.39,14.96,0.6,2.37,1.79,114579,149789,29306,28735,4194,40399,46858.625589250005,36.28775,1477751.3637843737,11617.130436137502,95382.125
01/10/2024,D5,4176.86,82715,154472,50808,14844,4029,42080,36.19075069,80.84,4066.526472,1.04,10.48,1.25,3.47,2.3,25.99,14.5,6.0,2.5,5.92,1.83,2.78,0.38,16.67,0.57,2.92,1.38,113609,136527,26714,26194,3824,42080,144549.638235,34.60725,1477079.3731417658,35702.07632525,88905.55
01/10/2024,D6,1662.18,66425,136142,44925,13280,3552,28678,34.85864094,47.39,5793.247521,1.55,10.36,1.31,3.2,2.08,26.3,15.07,5.69,2.22,6.4,1.68,3.02,0.4,15.56,0.59,3.07,1.5,93653,120554,23599,23136,3382,28678,58447.650884999995,35.16325,1211206.560844172,14529.198489000002,76964.7
01/10/2024,D6W,1867.545,61322,141779,47769,13714,3726,19361,32.97352825,19.08,14078.93082,1.26,10.53,1.33,3.51,2.53,27.43,14.44,5.01,2.01,5.19,1.65,3.45,0.42,15.2,0.62,3.98,1.45,89678,126123,24728,24232,3548,19361,65312.250626249996,34.972249999999995,1245412.2950554183,16165.632930187503,78614.87499999999
01/10/2024,D7,1714.948,34414,98208,32742,9569,2567,18435,35.6878139,16.4,11108.71951,1.38,11.03,1.45,3.17,2.82,31.73,12.76,5.35,2.1,5.43,1.56,2.07,0.28,13.78,0.51,2.49,2.09,54056,87176,17079,16739,2450,18435,63313.307738,36.9185,855766.6651294113,15662.8773262,52871.525
01/10/2024,D8,2329.71,60128,138616,46045,13264,3619,25212,34.98277732,29.6,9062.533784,1.19,10.62,1.43,3.58,2.59,28.61,14.07,5.62,2.22,5.3,1.67,2.65,0.38,14.78,0.56,3.08,1.65,87851,122771,24041,23566,3443,25212,82757.7059025,35.52275,1237186.9400982629,20429.023140375,76779.15
01/10/2024,D9,219.112,62819,132285,43447,12854,3435,30326,35.74139678,55.95,4761.608579,1.33,10.62,1.02,2.46,2.04,28.24,14.93,4.15,1.75,7.62,1.28,2.86,0.38,16.41,0.62,2.52,1.76,89276,116962,22886,22438,3278,30326,7962.037078000001,36.33775000000001,1123709.715411265,1996.5978442,74410.64999999998
01/10/2024,D10,1166.297,40023,127029,42199,12159,3312,19982,34.48417411,14.9,15268.92617,1.88,10.43,1.34,2.81,2.36,28.76,13.51,4.94,2.09,6.13,1.61,3.5,0.52,14.88,0.52,2.59,2.14,65429,112510,22032,21596,3155,19982,42613.28506325001,36.53725000000001,1051112.1743868885,10694.170818237499,67268.0
01/10/2024,D11,68.455,37772,83598,28003,8210,2214,22936,37.07246123,37.26,4605.716586,1.9,9.28,0.89,2.1,1.75,24.85,16.55,3.82,1.73,9.5,1.35,3.08,0.5,17.95,0.5,2.58,1.68,54492,74354,14573,14285,2093,22936,2458.54421125,35.91475,708197.113501782,626.8398679375,46957.600000000006
01/10/2024,D12,2817.392,62342,176397,58362,17090,4618,25293,34.32011997,26.82,11958.83669,1.44,10.5,1.36,3.37,2.73,28.61,13.94,5.42,2.29,5.36,1.78,2.84,0.4,14.32,0.59,3.23,1.83,97621,156231,30587,29987,4383,25293,100725.28573999999,35.75125,1519453.589444505,24939.906158,94698.075
01/10/2024,D13,2438.286,67166,151113,50383,14813,3978,27548,34.88531148,35.17,8387.802104,1.34,10.0,1.24,3.25,2.42,26.8,14.37,5.72,2.19,5.92,1.76,3.31,0.47,15.57,0.62,3.46,1.56,97389,134217,26296,25777,3774,27548,85739.27933249998,35.16374999999999,1345922.751774407,21323.573034375004,84215.95
01/10/2024,D14,533.721,46225,102803,33909,9795,2687,24927,36.59316389,37.64,5471.971307,1.8,10.78,1.24,2.64,1.97,28.11,14.37,4.32,1.98,6.68,1.46,3.07,0.5,15.85,0.57,2.46,2.18,66786,90869,17783,17437,2545,24927,19411.299339750003,36.36975,877531.8124996782,4873.7867272125,57332.325000000004
01/10/2024,D15,2582.658,83648,173527,57828,16793,4579,23417,32.03827166,36.21,9286.219276,1.19,11.29,1.43,3.79,2.03,25.35,15.62,4.3,1.67,5.07,1.34,3.32,0.4,18.0,0.55,3.78,0.86,118353,153968,30160,29568,4325,23417,86626.8689715,33.54175,1552902.105961925,21390.251503725005,97728.275
01/10/2024,D16,1121.357,75791,141062,47075,13778,3678,36281,35.73675183,56.38,5284.285208,1.13,10.3,1.25,3.45,2.29,26.66,14.67,4.84,1.91,6.19,1.67,2.74,0.39,17.54,0.54,3.02,1.42,104003,125263,24543,24053,3521,36281,39097.51350125,34.86625,1261970.9168597152,9730.995876375,81482.67499999999
01/10/2024,D17,3378.699,62905,166288,55208,16206,4432,24532,34.20065557,28.86,10687.24879,1.46,10.39,1.34,3.08,2.58,28.7,13.86,5.98,2.26,6.02,1.77,2.53,0.37,14.76,0.6,2.71,1.59,96163,147512,28888,28331,4145,24532,121343.44056074996,35.91424999999999,1474942.437365218,30088.835009550003,90236.75000000001
01/10/2024,D18,105.326,45895,93373,31082,9083,2470,30128,38.44916196,43.8,4563.242009,1.65,9.15,0.79,1.77,1.43,24.01,17.09,3.45,1.65,9.59,1.09,3.81,0.53,19.25,0.49,2.7,1.56,64570,82861,16231,15913,2328,30128,3731.436865,35.4275,803483.9492504867,953.206882875,53207.9
01/10/2024,D20,2440.241,65315,160114,53417,15553,4178,17677,31.5147263,19.75,14877.36709,1.31,10.34,1.35,3.03,2.51,27.69,14.39,4.57,1.86,5.87,1.59,2.82,0.28,17.51,0.5,2.99,1.37,97338,142116,27843,27288,3993,17677,85186.98312925,34.90925,1400404.9019264744,21175.6793257,87725.72499999999
01/10/2024,D22,3952.792,64879,135343,44818,13018,3570,27873,34.9906233,38.86,6965.285641,1.19,10.4,1.4,3.56,2.35,26.41,14.41,5.69,2.14,5.6,1.78,3.38,0.44,16.06,0.52,3.21,1.49,91948,119848,23463,23008,3361,27873,137448.45981999996,34.772499999999994,1281960.1396178668,34099.5013365,76270.22499999999
01/10/2024,D24,992.242,61089,174375,58154,16831,4604,29397,34.81199586,34.25,9327.79562,1.9,10.74,1.37,2.83,2.3,28.97,13.98,4.61,2.04,6.25,1.44,2.69,0.37,15.15,0.51,2.52,2.34,95964,154721,30309,29714,4346,29397,36155.313996,36.437999999999995,1440623.2371261923,9040.39128015,93760.225
01/11/2024,D1,353.276,60771,93991,31152,9044,2434,19640,33.01732143,36.09,5627.625381,0.88,9.25,1.15,3.16,2.12,24.41,15.63,5.07,2.03,6.17,1.41,3.51,0.63,19.36,0.75,3.47,1.0,79569,83223,16295,15971,2334,19640,11939.845609999998,33.79749999999999,853639.7799337169,2977.8738027499994,56111.7
01/11/2024,D2,209.131,56167,110888,36618,10805,2902,40122,38.88074855,60.58,4001.105976,1.15,9.12,0.93,2.52,1.72,24.47,17.37,4.49,1.96,8.44,1.33,2.84,0.37,18.14,0.78,2.88,1.48,78345,98206,19225,18849,2756,40122,7298.724182750001,34.90025000000001,960870.3783812439,1830.1262941000002,63527.8
01/11/2024,D3,632.676,45888,127396,42322,12299,3396,28265,35.93427577,21.87,11149.38272,1.44,11.65,1.36,2.82,2.45,31.84,12.78,4.07,1.81,5.72,1.42,2.04,0.3,14.77,0.61,2.29,2.62,71367,112951,22119,21693,3171,28265,23568.76269,37.2525,1056188.518464954,5860.952294999999,68878.375
01/11/2024,D4,1208.993,81931,169197,56295,16250,4461,40399,36.14345963,55.55,6197.749775,1.17,11.37,1.37,2.97,2.3,30.13,14.22,4.84,2.0,5.6,1.61,1.93,0.48,15.22,0.71,2.29,1.77,115770,149982,29373,28799,4209,40399,43830.832222,36.254,1477861.8892114393,10842.596809487499,95730.975
01/11/2024,D5,3809.699,83487,154546,50788,15042,4029,42080,36.19075069,80.84,4066.526472,0.97,10.4,1.27,3.45,2.27,26.07,14.5,5.96,2.47,5.75,1.96,2.65,0.48,16.54,0.73,2.98,1.55,114396,136690,26748,26226,3832,42080,132301.32202250004,34.72750000000001,1471406.4851024589,32684.1220395625,89141.70000000001
01/11/2024,D6,1552.555,65792,136273,45419,13286,3564,28678,34.85864094,47.39,5793.247521,1.42,10.35,1.31,3.28,2.06,26.31,15.1,5.79,2.25,6.05,1.77,2.84,0.43,15.67,0.75,3.05,1.58,93047,120963,23698,23227,3399,28678,54430.63760625,35.058749999999996,1207942.631663835,13488.597839999997,77048.65
01/11/2024,D6W,1717.4,60679,143611,47849,13779,3741,19361,32.97352825,19.08,14078.93082,1.13,10.63,1.32,3.62,2.56,27.55,14.41,4.91,2.05,5.03,1.73,2.95,0.7,15.67,0.78,3.44,1.54,89401,127309,24936,24440,3572,19361,60449.903900000005,35.1985,1249125.6505867417,14993.910972500002,79110.97499999999
01/11/2024,D7,1612.369,34600,98005,32658,9504,2578,18435,35.6878139,16.4,11108.71951,1.18,11.0,1.48,3.25,2.82,32.09,12.73,5.13,2.1,5.24,1.65,1.89,0.3,13.85,0.59,2.48,2.2,54201,86965,17036,16700,2443,18435,59667.73030625,37.00625,849156.8184007297,14738.463482874999,52799.975
01/11/2024,D8,2098.246,60443,138941,45966,13335,3651,25212,34.98277732,29.6,9062.533784,1.11,10.63,1.44,3.53,2.67,28.51,14.04,5.42,2.24,5.17,1.78,2.5,0.45,14.86,0.69,3.14,1.84,88231,122978,24074,23605,3448,25212,74552.77862600001,35.531000000000006,1225165.155561987,18401.9321569,76951.7
01/11/2024,D9,202.688,62391,131709,43925,12655,3454,30326,35.74139678,55.95,4761.608579,1.04,10.34,1.08,2.55,1.96,28.98,14.8,4.19,1.68,7.05,1.28,2.5,0.44,17.03,0.72,2.49,1.88,88733,116811,22882,22429,3279,30326,7357.4223839999995,36.29925,1120092.5687999313,1840.2575576,74244.65
01/11/2024,D10,1096.179,40425,126341,42170,12262,3335,19982,34.48417411,14.9,15268.92617,1.61,10.36,1.28,2.96,2.31,29.26,13.68,4.91,2.17,6.09,1.71,2.57,0.72,15.1,0.58,2.54,2.16,65693,112168,21976,21543,3152,19982,40288.14083175,36.75325,1045348.7209745485,10104.1532526375,67165.75
01/11/2024,D11,63.133,37751,83815,28044,8122,2226,22936,37.07246123,37.26,4605.716586,1.5,9.38,0.95,1.99,2.02,25.96,16.44,3.64,1.72,9.36,1.19,2.79,0.52,18.05,0.78,2.15,1.57,54514,74457,14590,14304,2093,22936,2283.1891617499996,36.16474999999999,708620.5555978909,579.1324247625001,47009.9
01/11/2024,D12,2598.225,61983,175630,59264,17109,4602,25293,34.32011997,26.82,11958.83669,1.38,10.44,1.35,3.41,2.73,28.9,13.99,5.32,2.33,5.17,1.85,2.62,0.41,14.23,0.7,3.26,1.9,97109,156368,30664,30044,4403,25293,93095.70086250002,35.83050000000001,1512339.9465487483,23006.178129375,94686.67499999999
01/11/2024,D13,2247.66,67078,152017,50335,14545,3969,27548,34.88531148,35.17,8387.802104,1.21,9.97,1.23,3.27,2.43,27.05,14.38,5.67,2.22,5.65,1.9,2.98,0.48,15.82,0.73,3.39,1.61,97481,134534,26337,25820,3771,27548,78938.381115,35.12025,1345690.5004374967,19581.276771,84372.59999999999
01/11/2024,D14,497.333,46027,101740,34291,9973,2698,24927,36.59316389,37.64,5471.971307,1.51,10.69,1.28,2.65,1.93,28.42,14.53,4.4,1.95,6.55,1.55,2.31,0.5,16.39,0.66,2.37,2.31,66375,90616,17769,17415,2553,24927,18030.434915250004,36.254250000000006,870535.8153685838,4511.935525912501,57149.675
01/11/2024,D15,2360.427,84392,173787,58162,16938,4598,23417,32.03827166,36.21,9286.219276,1.01,11.4,1.46,3.91,2.04,24.94,15.49,4.25,1.73,4.96,1.36,3.16,0.51,18.47,0.66,3.69,0.99,119149,154447,30267,29670,4344,23417,78944.48101500003,33.44500000000001,1550765.044112091,19486.210045124997,98123.625
01/11/2024,D16,1039.324,74714,141811,46663,13704,3713,36281,35.73675183,56.38,5284.285208,1.12,10.42,1.27,3.38,2.25,26.6,14.64,4.84,1.96,5.93,1.75,2.42,0.52,17.83,0.61,2.86,1.62,103076,125409,24541,24064,3515,36281,36211.607146,34.841499999999996,1256765.8833541025,9016.239632400002,81351.97499999999
01/11/2024,D17,3126.464,62990,166498,55234,16211,4408,24532,34.20065557,28.86,10687.24879,1.32,10.31,1.36,3.14,2.56,28.91,13.56,5.92,2.31,5.93,1.91,2.39,0.39,14.87,0.71,2.69,1.72,96290,147642,28912,28351,4147,24532,112769.99324800001,36.069500000000005,1466412.472623951,27942.53751519999,90321.75000000001
01/11/2024,D18,98.241,46384,93687,30911,9025,2444,30128,38.44916196,43.8,4563.242009,1.24,9.35,0.79,1.85,1.42,24.3,17.16,3.46,1.5,9.94,1.21,3.08,0.48,19.68,0.61,2.24,1.69,65121,82881,16222,15904,2323,30128,3491.3623387500006,35.53875000000001,803061.2029708495,889.6090953749998,53319.0
01/11/2024,D20,2254.758,65285,160503,52769,15589,4209,17677,31.5147263,19.75,14877.36709,1.18,10.41,1.36,3.05,2.53,27.91,14.54,4.54,1.88,5.61,1.65,2.54,0.28,17.73,0.61,2.83,1.38,97386,141967,27780,27242,3980,17677,78546.1859985,34.835750000000004,1392818.780741549,19460.08350165,87648.375
01/11/2024,D22,3626.702,64825,134654,44452,13078,3546,27873,34.9906233,38.86,6965.285641,1.07,10.46,1.39,3.58,2.38,26.65,14.45,5.61,2.16,5.37,1.89,2.59,0.65,16.33,0.63,3.18,1.61,91756,119230,23339,22886,3345,27873,126316.21730900001,34.8295,1267190.6207977692,31340.099999224996,75934.92499999999
01/11/2024,D24,925.197,61428,173143,57954,16675,4542,29397,34.81199586,34.25,9327.79562,1.62,10.63,1.36,2.85,2.35,28.94,14.15,4.49,2.04,6.13,1.57,2.41,0.35,15.53,0.61,2.56,2.4,96057,153722,30122,29523,4319,29397,33539.316447000005,36.251000000000005,1434311.8228723558,8362.936637737499,93304.675
01/12/2024,D1,437.354,59812,93369,30787,9103,2444,19640,33.01732143,36.09,5627.625381,1.31,8.44,1.22,3.85,2.06,23.92,14.79,5.49,1.9,5.58,1.48,4.03,0.88,18.98,0.57,3.78,1.73,78486,82665,16181,15865,2319,19640,14893.215761999998,34.053,848943.7387668641,3758.352396675,55628.149999999994
01/12/2024,D2,230.372,56416,110275,36733,10788,2908,40122,38.88074855,60.58,4001.105976,1.44,8.25,0.96,3.36,1.63,22.75,16.65,5.11,1.83,7.46,1.32,3.45,0.78,18.69,0.65,3.32,2.36,78471,97911,19181,18804,2753,40122,7953.593300000001,34.525000000000006,962195.6909639931,2018.8362255000002,63420.600000000006
01/12/2024,D3,658.623,45897,128771,42983,12523,3343,28265,35.93427577,21.87,11149.38272,1.69,10.87,1.38,3.33,2.31,30.36,12.96,4.41,1.67,5.21,1.3,2.49,0.5,15.47,0.47,2.5,3.07,71651,114310,22397,21947,3212,28265,24198.7969545,36.7415,1066913.0402956747,6062.278937925002,69583.975
01/12/2024,D4,1294.364,81050,170003,55600,16395,4423,40399,36.14345963,55.55,6197.749775,1.39,10.47,1.34,3.49,2.21,28.85,14.09,4.97,1.8,5.29,1.38,2.49,0.68,16.09,0.6,2.42,2.44,115051,150080,29354,28786,4201,40399,46626.550781,36.022749999999995,1478822.1563421565,11652.72224415,95611.12500000001
01/12/2024,D5,4455.196,83769,154430,51596,14942,4031,42080,36.19075069,80.84,4066.526472,1.39,9.4,1.23,4.09,2.08,25.38,14.17,6.34,2.2,4.96,1.89,3.34,0.75,16.86,0.59,3.19,2.14,114655,137081,26859,26322,3851,42080,154489.49029499997,34.676249999999996,1493794.0002549996,38615.13288024999,89397.45000000001
01/12/2024,D6,1735.978,65548,137466,45144,13161,3573,28678,34.85864094,47.39,5793.247521,1.7,9.42,1.34,3.86,2.01,25.62,14.9,5.99,2.06,5.43,1.59,3.5,0.72,15.8,0.61,3.33,2.12,93041,121410,23753,23290,3398,28678,60792.21358200001,35.019000000000005,1219581.0787877445,15225.1346523,77242.79999999999
01/12/2024,D6W,1889.044,60789,143667,47069,13910,3722,19361,32.97352825,19.08,14078.93082,1.37,9.65,1.35,4.18,2.39,26.97,13.87,5.15,1.92,4.51,1.74,3.52,0.9,15.97,0.62,3.83,2.06,89522,126911,24827,24342,3554,19361,66522.68446,35.215,1249996.8145298758,16661.36808,78928.525
01/12/2024,D7,1690.186,34551,97868,32738,9551,2599,18435,35.6878139,16.4,11108.71951,1.44,10.07,1.43,3.78,2.73,30.87,12.5,5.54,1.91,4.94,1.57,2.48,0.52,14.29,0.49,2.65,2.8,54125,86980,17045,16710,2447,18435,62323.91856399999,36.873999999999995,855800.2254593936,15552.309860975003,52796.475
01/12/2024,D8,2383.206,60563,139137,46188,13273,3649,25212,34.98277732,29.6,9062.533784,1.38,9.52,1.39,4.13,2.46,27.55,13.63,5.79,2.02,4.54,1.75,3.14,0.75,15.55,0.56,3.34,2.5,88390,123195,24122,23649,3454,25212,84458.437434,35.439,1240913.9323814707,21104.421152850005,77089.35
01/12/2024,D9,206.574,62525,131713,44130,12614,3476,30326,35.74139678,55.95,4761.608579,1.46,9.56,1.11,2.92,1.98,27.33,14.82,4.29,1.58,6.74,1.17,2.87,0.72,17.76,0.59,2.46,2.64,88868,116932,22913,22461,3285,30326,7438.110017999997,36.006999999999984,1122825.9291007286,1882.5191907000003,74334.84999999999
01/12/2024,D10,1121.165,40265,127756,42404,12241,3356,19982,34.48417411,14.9,15268.92617,1.91,9.42,1.3,3.31,2.19,27.7,13.79,5.25,2.0,5.75,1.5,3.35,0.7,15.83,0.51,2.64,2.87,65816,113154,22156,21723,3174,19982,40634.10280375,36.24275,1054021.0849990586,10255.7587355625,67653.54999999999
01/12/2024,D11,60.286,37566,84636,28188,8197,2215,22936,37.07246123,37.26,4605.716586,2.05,8.24,0.96,2.5,1.79,23.66,16.28,3.68,1.68,8.64,1.19,2.65,0.72,20.5,0.53,2.39,2.54,54493,75078,14707,14415,2108,22936,2126.166648,35.268,711717.9783319035,545.995984075,47297.450000000004
01/12/2024,D12,2901.056,62108,175883,58490,17247,4607,25293,34.32011997,26.82,11958.83669,1.63,9.38,1.37,3.88,2.47,27.32,13.59,5.68,2.09,4.67,1.83,3.31,0.75,15.03,0.59,3.75,2.66,97285,156109,30579,29974,4388,25293,103153.57345600001,35.55725,1522641.1732535376,25833.432258399993,94581.22499999999
01/12/2024,D13,2551.221,67124,150975,50125,14566,3992,27548,34.88531148,35.17,8387.802104,1.5,8.95,1.25,3.89,2.27,26.31,13.88,5.97,2.02,4.93,1.85,3.68,0.87,16.19,0.61,3.62,2.24,97319,133811,26203,25693,3756,27548,89790.223095,35.195,1351571.0149870436,22566.825355499997,84002.09999999999
01/12/2024,D14,522.74,45965,102086,34148,9898,2691,24927,36.59316389,37.64,5471.971307,1.6,9.69,1.29,3.04,1.83,26.86,14.84,4.54,1.79,6.25,1.46,3.1,0.72,17.24,0.49,2.49,2.78,66382,90673,17768,17416,2549,24927,18716.313645,35.804249999999996,875255.6076618561,4729.9214105,57170.975
01/12/2024,D15,2721.614,84668,173563,58049,16735,4584,23417,32.03827166,36.21,9286.219276,1.33,10.42,1.43,4.61,1.98,24.27,15.02,4.39,1.61,4.52,1.38,3.76,0.74,18.85,0.53,3.78,1.37,119381,154097,30193,29598,4330,23417,91270.0058935,33.53525,1561159.8945443097,22788.346183399997,97999.525
01/12/2024,D16,1220.376,75544,141888,47409,13779,3707,36281,35.73675183,56.38,5284.285208,1.62,9.29,1.23,4.3,2.1,25.4,14.11,5.22,1.73,5.24,1.67,3.08,0.7,18.37,0.51,3.15,2.29,103922,125986,24686,24193,3541,36281,42338.504568,34.693,1267987.4437825335,10661.2199907,81812.275
01/12/2024,D17,3453.326,62777,167989,55617,16310,4373,24532,34.20065557,28.86,10687.24879,1.7,9.38,1.33,3.63,2.41,27.7,13.2,6.35,2.07,5.41,1.73,2.96,0.7,15.43,0.59,3.04,2.37,96375,148816,29138,28562,4176,24532,123895.84023350001,35.877250000000004,1487352.4672700057,31072.466182525004,90892.00000000001
01/12/2024,D18,99.215,46107,93146,31080,9121,2453,30128,38.44916196,43.8,4563.242009,1.56,7.95,0.81,2.01,1.48,22.35,17.51,3.82,1.45,9.42,1.04,3.96,0.91,20.07,0.47,2.54,2.68,64736,82741,16212,15891,2327,30128,3487.0351937500004,35.14625,799518.0548936833,901.566705,53185.5
01/12/2024,D20,2414.008,65377,160767,53577,15482,4201,17677,31.5147263,19.75,14877.36709,1.42,9.62,1.33,3.46,2.37,26.6,14.48,4.73,1.69,5.24,1.56,3.13,0.51,18.41,0.5,3.07,1.89,97530,142571,27927,27373,4002,17677,83386.47484200001,34.542750000000005,1401672.2266700105,20871.151066799994,87978.82500000001
01/12/2024,D22,4099.623,64579,134338,44673,13008,3554,27873,34.9906233,38.86,6965.285641,1.44,9.53,1.38,4.28,2.23,26.0,14.05,5.93,1.91,4.88,1.76,3.13,0.89,16.59,0.51,3.27,2.22,91447,119145,23335,22880,3346,27873,143224.42912799996,34.93599999999999,1278873.209141647,35945.3407281375,75840.025
01/12/2024,D24,931.353,61141,173024,58240,16712,4572,29397,34.81199586,34.25,9327.79562,1.91,9.82,1.42,3.33,2.19,27.05,14.22,4.83,1.85,5.72,1.46,3.09,0.65,16.17,0.49,2.78,3.02,95746,153880,30167,29567,4329,29397,33347.32700324999,35.805249999999994,1434023.7174714701,8408.1733906125,93327.125
